Parameter,Value
MSE,0.5700354609929078
MAE,0.5700354609929078
R-SQUARED,-1.3257731958762884
RMSE,0.7550069277780885
ACCURACY,0.4299645390070922
